{
  "policies": {
    "always_act": {
      "average_reward": -0.27166666666666667,
      "act_accuracy": 0.6366666666666667,
      "act_rate": 1.0,
      "inspect_rate": 0.0,
      "abstain_rate": 0.0
    },
    "fixed_inspect_then_act": {
      "average_reward": -0.04300000000000004,
      "act_accuracy": 0.742,
      "act_rate": 1.0,
      "inspect_rate": 2.0,
      "abstain_rate": 0.0
    },
    "random_inspect": {
      "average_reward": -0.33060666666666666,
      "act_accuracy": 0.634,
      "act_rate": 1.0,
      "inspect_rate": 0.7086666666666667,
      "abstain_rate": 0.0
    },
    "learned_selective": {
      "average_reward": 0.12195333333333332,
      "act_accuracy": 0.8450450450450451,
      "act_rate": 0.74,
      "inspect_rate": 2.167333333333333,
      "abstain_rate": 0.26
    },
    "oracle": {
      "average_reward": 0.12195333333333332,
      "act_accuracy": 0.8450450450450451,
      "act_rate": 0.74,
      "inspect_rate": 2.167333333333333,
      "abstain_rate": 0.26
    }
  },
  "oracle_alignment": {
    "history_space_size": 120,
    "test_unique_histories": 120,
    "action_match_rate": 1.0,
    "state_match_rate": 0.925,
    "acted_state_match_rate": 1.0,
    "num_disagreements_logged": 0,
    "sample_disagreements": []
  },
  "threshold_sweep": {
    "thresholds": [
      0.05,
      0.09369217869450458,
      0.13738435738900914,
      0.1810765360835137,
      0.2247687147780183,
      0.26846089347252283,
      0.3121530721670274,
      0.35584525086153196,
      0.39953742955603655,
      0.44322960825054114,
      0.4869217869450457,
      0.5306139656395503,
      0.5743061443340549,
      0.6179983230285595,
      0.661690501723064,
      0.7053826804175686,
      0.7490748591120732,
      0.7927670378065778,
      0.8364592165010823,
      0.8801513951955868,
      0.9238435738900914,
      0.967535752584596,
      1.0112279312791006,
      1.0549201099736052,
      1.0986122886681098
    ],
    "average_reward": [
      -0.4600000000000001,
      -0.4600000000000001,
      -0.4600000000000001,
      -0.4600000000000001,
      -0.35633333333333334,
      -0.2628333333333333,
      -0.2170466666666667,
      -0.17926666666666669,
      -0.13510000000000003,
      -0.05043333333333334,
      0.032566666666666653,
      0.030113333333333315,
      0.04361999999999998,
      0.056286666666666645,
      0.07896666666666664,
      0.09646666666666666,
      0.062306666666666635,
      0.05017333333333329,
      0.03594666666666662,
      -0.07600000000000003,
      -0.2760066666666667,
      -0.31208,
      -0.31208,
      -0.27166666666666667,
      -0.27166666666666667
    ],
    "act_accuracy": [
      0.0,
      0.0,
      0.0,
      0.0,
      0.9846153846153847,
      0.9691119691119691,
      0.948170731707317,
      0.9394736842105263,
      0.92,
      0.9106858054226475,
      0.8830049261083743,
      0.8578034682080925,
      0.8539823008849557,
      0.8557483731019523,
      0.8478478478478478,
      0.8454198473282443,
      0.8,
      0.7877138413685848,
      0.7725577926920209,
      0.7162534435261708,
      0.6433333333333333,
      0.6306666666666667,
      0.6306666666666667,
      0.6366666666666667,
      0.6366666666666667
    ],
    "act_rate": [
      0.0,
      0.0,
      0.0,
      0.0,
      0.08666666666666667,
      0.17266666666666666,
      0.21866666666666668,
      0.25333333333333335,
      0.31666666666666665,
      0.418,
      0.5413333333333333,
      0.5766666666666667,
      0.6026666666666667,
      0.6146666666666667,
      0.666,
      0.6986666666666667,
      0.82,
      0.8573333333333333,
      0.894,
      0.968,
      1.0,
      1.0,
      1.0,
      1.0,
      1.0
    ],
    "inspect_rate": [
      3.0,
      3.0,
      3.0,
      3.0,
      3.0,
      3.0,
      2.8673333333333333,
      2.7466666666666666,
      2.7466666666666666,
      2.7466666666666666,
      2.4633333333333334,
      2.196,
      2.167333333333333,
      2.167333333333333,
      2.1266666666666665,
      2.1266666666666665,
      1.9813333333333334,
      1.9213333333333333,
      1.7126666666666666,
      1.0666666666666667,
      0.3953333333333333,
      0.2773333333333333,
      0.2773333333333333,
      0.0,
      0.0
    ],
    "abstain_rate": [
      1.0,
      1.0,
      1.0,
      1.0,
      0.9133333333333333,
      0.8273333333333334,
      0.7813333333333333,
      0.7466666666666667,
      0.6833333333333333,
      0.582,
      0.45866666666666667,
      0.42333333333333334,
      0.3973333333333333,
      0.38533333333333336,
      0.334,
      0.30133333333333334,
      0.18,
      0.14266666666666666,
      0.106,
      0.032,
      0.0,
      0.0,
      0.0,
      0.0,
      0.0
    ]
  }
}