{
  "train_loss": [
    1.4274958098769948,
    1.0310537704996243,
    0.899491705332592,
    0.8482771758820601,
    0.8169929764832661,
    0.7982821069705258,
    0.7816991650374832,
    0.7692340175816967,
    0.7672777430267091,
    0.7588157904375891,
    0.7541112277158506,
    0.7556027504289227,
    0.7508407060507756,
    0.7504881840602607,
    0.7439915272080975,
    0.7447200573174058,
    0.740739503104216,
    0.7438628669756993,
    0.7403629581639721,
    0.7403787237823389,
    0.7394592363363618,
    0.7379341163453023,
    0.7385685508418235,
    0.7368099716058962,
    0.7385624612972235,
    0.7373298334467943,
    0.7362847180123542,
    0.7364793370483788,
    0.7354837743340025,
    0.7343535256233944,
    0.7357667806042227,
    0.7356183680759114,
    0.7355191639274549,
    0.731865429574517,
    0.7345247591377064
  ],
  "val_loss": [
    1.0585041030248006,
    0.8118532991409302,
    0.7453536852200826,
    0.7232934816678365,
    0.7131249992052714,
    0.7063363846143087,
    0.7033929109573365,
    0.7020612939198811,
    0.7021892269452413,
    0.7019418708483378,
    0.7015311241149902,
    0.7007347051302592,
    0.7013822555541992,
    0.7009291036923726,
    0.7002837737401326,
    0.7006464171409607,
    0.7008943796157837,
    0.6992204483350118,
    0.7014049688975016,
    0.6992868248621623,
    0.7001939535140991,
    0.6987396208445231,
    0.6984384314219156,
    0.6997987008094788,
    0.7017186490694681,
    0.6997915236155192,
    0.6984452287356059,
    0.6985658740997315,
    0.698359378973643,
    0.700384665330251,
    0.6989174660046895,
    0.6985581906636557,
    0.6988181185722351,
    0.6982653903961181,
    0.6990942629178365
  ],
  "val_state_accuracy": [
    0.6847916666666667,
    0.683125,
    0.684375,
    0.6852083333333333,
    0.6895833333333333,
    0.6877083333333334,
    0.6875,
    0.6877083333333334,
    0.6877083333333334,
    0.6854166666666667,
    0.6870833333333334,
    0.68625,
    0.6866666666666666,
    0.6866666666666666,
    0.68875,
    0.6864583333333333,
    0.685625,
    0.6864583333333333,
    0.6879166666666666,
    0.686875,
    0.6877083333333334,
    0.6852083333333333,
    0.686875,
    0.6883333333333334,
    0.6879166666666666,
    0.6860416666666667,
    0.6870833333333334,
    0.6864583333333333,
    0.685625,
    0.68625,
    0.6883333333333334,
    0.6854166666666667,
    0.6858333333333333,
    0.685,
    0.6864583333333333
  ],
  "val_decision_accuracy": [
    0.8197916666666667,
    0.968125,
    1.0,
    1.0,
    1.0,
    1.0,
    1.0,
    1.0,
    1.0,
    1.0,
    1.0,
    1.0,
    1.0,
    1.0,
    1.0,
    1.0,
    1.0,
    1.0,
    1.0,
    1.0,
    1.0,
    1.0,
    1.0,
    1.0,
    1.0,
    1.0,
    1.0,
    1.0,
    1.0,
    1.0,
    1.0,
    1.0,
    1.0,
    1.0,
    1.0
  ]
}